Name,Category,access_type,Full Address,City,Neighborhood,NPU,Latitude,Longitude,geocode_flag,EBT_clean,DoubleEBT_clean,Fresh Produce,Months,Days,Hours,Website (UPDATED),search_name
Campbellton Community Garden,AgLanta Grows-A-Lot Site,Garden or farm,"1597 Campbellton Rd SW, Atlanta, GA, 30311",Atlanta,Venetian Hills,S,33.7125514,-84.4406899,ok,,,,Year Round ,,,https://cofomike.wixsite.com/campbellton,
OverUnder,AgLanta Grows-A-Lot Site,Garden or farm,"3301 Collier Dr NW, Atlanta, GA, 30331",Atlanta,Fairburn Heights,H,33.7680916,-84.4963278,ok,,,"N/A
",,,,https://instagram.com/overunderatl,
Urban Food Forest at Browns Mill,AgLanta Grows-A-Lot Site,Garden or farm,"2217 Browns Mill Rd SE , Atlanta, GA, 30315",Atlanta,Lakewood,Z,33.6926725,-84.3756025,ok,,,Yes,Year Round ,,,https://www.aglanta.org/urban-food-forest-at-browns-mill-1,
West Atlanta Watershed Alliance,AgLanta Grows-A-Lot Site,Garden or farm,"1442 Richland Rd SW, Atlanta, GA, 30310",Atlanta,Oakland City,S,33.7302901,-84.4349289,ok,,,Yes,Year Round,,,https://www.wawa-online.org,
Whitehall Terrace Community Garden,AgLanta Grows-A-Lot Site,Garden or farm,"590 Whitehall Terrace SW , Atlanta, GA, 30312",Atlanta,Mechanicsville,V,33.738957,-84.4007759,ok,,,Yes,Year Round ,,,https://www.facebook.com/WhitehallTerraceATL/photos_by,
Gratitude Botanical Farm,AgLanta Grows-A-Lot Site,Garden or farm,"3301 Collier Dr NW, Atlanta, GA, 30331",Atlanta,Fairburn Heights,H,33.7680916,-84.4963278,ok,,,Yes,,,,https://www.gratitudeatl.com/,
Outdoor Fresh Farm,AgLanta Grows-A-Lot Site,Garden or farm,"1645 Mary George Ave. NW, AtLanta, GA, 30318",AtLanta,Carver Hills,G,33.8014323,-84.4629526,ok,,,Yes,Year Round ,,,https://www.instagram.com/outdoorfreshfarm/,
Aluma Farmstand,Farm,Garden or farm,"1150 Allene Ave SW, Atlanta, GA, 30310",Atlanta,Oakland City,S,33.723664,-84.413073,ok,Yes,Yes,,,,,https://www.alumafarm.com/getlocal,
Gilliams Community Garden,Farm,Garden or farm,"1286 Oakland Terrace SW, Atlanta, GA, 30310",Atlanta,Oakland City,S,33.7208359,-84.430006,ok,Yes,,Yes,,Wednesday,9:00 AM - 1:00 PM,https://www.instagram.com/gilliamscommunitygarden/,
Abundance Atlanta Farm,Farm,Garden or farm,"1694 Dodson Dr SW, Atlanta, GA 30311",Atlanta,,,33.70906,-84.47348,ok,,,Yes + Flowers & Honey,Year Round,By appointment only,,,
Atlanta Good shepard Agro-ecology,Farm,Garden or farm,"445 Lawton St SW, Atlanta, GA, 30310",Atlanta,West End,T,33.7426445,-84.4237096,ok,Yes,,Yes,,Unknown,Unknown,https://www.facebook.com/GoodShepherdAgroEcology/,
Concrete Jungle's Dog Head Farm ,Farm,Garden or farm,"1097 Birch St SW, Atlanta, GA, 30310",Atlanta,Sylvan Hills,X,33.7057922,-84.4242282,ok,,,Yes,,Monday - Friday,9:00 AM - 8:00 PM,https://concrete-jungle.org/programs/,
Crack in the Sidewalk Farm,Farm,Garden or farm,"561 McWilliams Rd, Atlanta, GA, 30315",Atlanta,Browns Mill Park,Z,33.6884569,-84.3707467,ok,Yes,Yes,Yes,,,,https://www.facebook.com/crackinthesidewalkfarmlet/,
Davis and Daughter Farms,Farm,Garden or farm,", Douglasville, GA, 30135",Douglasville,Douglasville,,33.6630087,-84.7524482,ok,,,Yes,,,,https://www.instagram.com/davis.and.daughter.farms/?hl=en,
Earth Dog Farm,Farm,Garden or farm,"2200 Reynolds Dr SW, Atlanta, GA, 30315",Atlanta,Polar Rock,Z,33.6953122,-84.4030977,ok,,,Yes,Year Round,,,https://earthdogfarm.bigcartel.com/,
Ecosystem Farm,Farm,Garden or farm,"500 Springside Dr SE, Atlanta, GA, 30354",Atlanta,Rosedale Heights,Z,33.6772617,-84.3732824,ok,,,Yes,Year Round,,,https://www.facebook.com/ecosystemfarmATL/,
Gratitude Botanical Farm,Farm,Garden or farm,"3301 Collier Dr NW, Atlanta, GA, 30331",Atlanta,Fairburn Heights,H,33.7680916,-84.4963278,ok,,,Yes,,,,https://www.gratitudeatl.com/,
Unearthing Farm & Market,Farm,Garden or farm,"1494 Memorial Dr SE, Atlanta, GA, 30317",Atlanta,Kirkwood,O,33.7478397,-84.3384819,ok,,,Yes,,,,https://www.facebook.com/GreenleafCommunityFarms/,
Haylene Green the Garden Queen,Farm,Garden or farm,"2903 R N Martin St. , East Point, GA, 30344",East Point,East Point,,33.6748915,-84.4381804,ok,,,Yes,Year Around,,,https://www.thegardenqueen.com/,
High Hog Farm,Farm,Garden or farm,"1247 Pinehurst Rd, Grayson, GA, 30017",Grayson,Grayson,,33.8789602,-83.9808401,ok,No,,,Year Around,,,https://highhog.farm/,
J.R. Murphy's Joy and Reflect Gardens,Farm,Garden or farm,"1316 Oakland Dr, Atlanta, GA, 30310",Atlanta,Oakland City,S,33.7190998,-84.42721,ok,,,Yes,Year Around,,,https://www.facebook.com/joyandreflectgardens/,
Mena’s Farm,Farm,Garden or farm,"544 Elmwood Rd NW, Atlanta, GA, 30318",Atlanta,Grove Park,J,33.7701674,-84.4390638,ok,Yes,,Yes,,,,https://menas-farm.square.site/,
Metro Atlanta Urban Farm,Farm,Garden or farm,"3271 Main ST, College Park, GA, 30337",College Park,College Park,,33.6668146,-84.4451943,ok,,,Yes,Year Around,Monday - Saturday,9am-5pm,https://themetroatlantaurbanfarm.org/,
Nede Cascade Urban Farm,Farm,Garden or farm,4191 Cascade Rd SW Atlanta,Atlanta,Cascade,,33.7322763,-84.5252703,ok,,,,,,,,
Miller City Farm,Farm,Garden or farm,"4995 Bethlehem rd, Fairburn , GA, 30213",Fairburn ,Fairburn,,33.6195004,-84.6486506,ok,No,,Yes,Year round,Wednesdays,3pm-6pm,https://www.facebook.com/millercityfarm/,
Narrow Way Farm,Farm,Garden or farm,"
275 Stroud Road

, McDonugh, GA, 30252",McDonugh,McDonugh,,33.454169,-83.965853,ok,Yes,Yes,Yes,,Friday,Wednesday 10-4,https://www.facebook.com/Narrowway777,
Outdoor Fresh Farm,Farm,Garden or farm,"1645 Mary George Ave. NW, AtLanta, GA, 30318",AtLanta,Carver Hills,G,33.8014323,-84.4629526,ok,,,Yes,,,,https://www.facebook.com/Outdoor-Fresh-Farm-1792679267452801/,
Patchwork City Farms,Farm,Garden or farm,"902 Pinehurst Terrace SW, Atlanta, GA, 30310",Atlanta,Oakland City,S,33.730534,-84.430958,ok,Yes,,Yes,Year Around,,,https://www.patchworkcityfarms.com/,
Polyculture Production at Gaia Garden,Farm,Garden or farm,"549 Summit Drive, Decatur, GA, 30032",Decatur,East Lake,,33.7378542,-84.3069404,ok,Yes,,Yes,Year Around,-,-,http://instagram.com/polycultureproductions,
Ponix Farm,Farm,Garden or farm,"725 Ponce De Leon Pl NE, Atlanta, GA, 30306",Atlanta,Poncey-Highland,N,33.7743553,-84.3634355,ok,No,,Yes,,,,https://www.ponixfarms.com/,
Providence Missionary Baptist *,Farm,Garden or farm,"2295 Benjamin E Mays Dr SW, Atlanta, GA, 30310",Atlanta,Cascade Ave/Road,S,33.7229967,-84.4637843,ok,,,,,,,,
SouthernCap Mushrooms,Farm,Garden or farm,"1326 Metropolitan Ave , Atlanta, GA, 30316",Atlanta,East Atlanta,W,33.7428854,-84.3442017,ok,Yes,,Yes,Year Round,,,https://www.instagram.com/southerncap_mushrooms/?hl=en,
The Farm at Good Sam (Health Center),Farm,Garden or farm,"1015 Donald Lee Hollowell Pkwy NW, Atlanta, GA, 30318",Atlanta,Historic Westin/ Bankhead,K,33.7736171,-84.4206312,ok,Yes,Yes,Yes,Year Around,Monday-Thursday,9AM-2PM,https://goodsamatlanta.org/thefarm/,
Amico's Farm Truly Living Well - Collegetown,Farm,Garden or farm,"324 Lawton St SW, Atlanta, GA, 30310",Atlanta,Harris Chiles,T,33.7463096,-84.4232263,ok,Yes,Yes,Yes,Year Around,Wednesday - Saturday,Wed -Fri 9AM - 5PM Sat 9AM-2PM,https://www.trulylivingwell.com/,
Urban Farm of Ormewood - Farmer Red,Farm,Garden or farm,"1015 Berne St, Atlanta, GA, 30316",Atlanta,Ormenwood Park,W,33.7359532,-84.3543898,ok,No,,Yes,Year-Round ,,,https://www.facebook.com/urbanfarminormewood/,
Urban Sprouts,Farm,Garden or farm,"2200 Reynolds Dr SW, Atlanta, GA, 30315",Atlanta,Polar Rock,Z,33.6953122,-84.4030977,ok,Yes,,Yes,,Saturday,10am-2pm,https://urbansproutfarms.myshopify.com/,
Aluma Farmstand,Farm Stand,Market,"1150 Allene Ave SW, Atlanta, GA, 30310",Atlanta,Oakland City,S,33.723664,-84.413073,ok,Yes,,Yes,,Thursdays,4pm-7pm,https://www.alumafarm.com/,
Amico's Farm at Truly Living Well Market ,Farm Stand,Market,"324 Lawton St, Atlanta, GA, 30310",Atlanta,Harris Chiles,T,33.7463096,-84.4232263,ok,Yes,Yes,Yes,Year Around,Every Friday (Spring/Summer) 1st & 3rd Fri (Fall/Winter),3pm-7pm (Spring/Summer) 2pm-6pm (Fall/Winter),https://www.facebook.com/TrulyLivingWell/?ref=page_internal,
Avondale Estates Farmers Market,Farmers Market,Market,"22 N Avondale Road, Avondale Estates, GA 30002",Avondale Estates,Avondale Estates,,33.77568,-84.27226,ok,,,,Year Around,Every Sunday,10AM-1PM,https://avondaleestatesfarmersmarket.org/,
Reynoldstown Farmers Market,Farmers Market,Market,"100 Flat Shoals Ave SE, Atlanta, GA, 30316, USA",Atlanta,Reynoldstown,N,33.75154,-84.35513,ok,Yes,,,"March 3, 2024 to October 27, 2024",Sundays,Noon- 3PM,https://www.reynoldstownfarmersmarket.com/,
 MARTA Market West End ,Farmers Market,Market,"680 Lee St, Atlanta, GA, 30310",Atlanta,West End,T,33.7360516,-84.4135734,ok,Yes,Yes,Yes,"April 12 - December 5 (Closed July 4, Nov 21)    ",Tuesday,3pm-7pm,https://www.itsmarta.com/marta-market.aspx,
 MARTA Market-Doraville,Farmers Market,Market,"6000 New Peachtree Rd, Doraville, GA, 30340",Doraville,Doraville,,33.902918,-84.27928,ok,Yes,Yes,Yes,April 11 - December 8 (Nov 24),Fridays,3pm-7pm,https://www.itsmarta.com/marta-market.aspx,
 MARTA Market-Bankhead,Farmers Market,Market,"6000 New Peachtree Rd, Doraville, GA, 30340",Doraville,Doraville,,33.902918,-84.27928,ok,Yes,Yes,Yes,April 11 - December 8 (Nov 24),Fridays,3pm-7pm,https://www.itsmarta.com/marta-market.aspx,
MARTA Market- College Park   ,Farmers Market,Market,"3800 Main St, College Park, Atlanta, GA, 30337",Atlanta,College Park,,33.6507458,-84.4482389,ok,Yes,Yes,Yes,April 13 - December 7 ( Closed Nov 23),Thursdays,3pm-7pm,https://www.itsmarta.com/marta-market.aspx,
MARTA Market- Five Points Fresh ,Farmers Market,Market,"30 Alabama St SW, Atlanta, GA, 30303",Atlanta,Downtown,M,33.7539909,-84.391697,ok,Yes,Yes,Yes,"April 11 - Dec 8 (closed July 4, Nov 21, Nov 24)",Tuesdays & Fridays,3pm-7pm,https://www.itsmarta.com/marta-market.aspx,
MARTA Market- HE Holmes ,Farmers Market,Market,"70 Hamilton E Holmes Dr NW, Atlanta, GA, 30311",Atlanta,Harland Terrace,I,33.7543775,-84.470368,ok,Yes,Yes,Yes,April 12 - December 6 ( Closed Nov 22),Wednesday,3pm-7pm,https://www.itsmarta.com/marta-market.aspx,
MARTA Market- Kensignton,Farmers Market,Market,"3350 Kensington Rd, Decatur, GA, 30032",Decatur,Kensington,,33.772675,-84.2519975,ok,Yes,Yes,Yes,April 13 - December 7 ( Closed Nov 23),Thursdays,3pm-7pm,https://www.itsmarta.com/marta-market.aspx,
Atlanta Farmers Coaliton,Farmers Market,Market,"348 Auburn Ave NE, Atlanta, GA, 30312",Atlanta,Sweet Auburn,M,33.75568,-84.376114,ok,No,,Yes,April - November,Thursdays,3 PM- 6 PM,https://www.instagram.com/atlantafarmerscoalition/?hl=en,
Historic Westside Gardens,Farmers Market,Market,"380 Elm St NW , Atlanta, GA, 30314",Atlanta,West End,L,33.76499,-84.409143,ok,Yes,,Yes,,Thursdays,4pm-7pm,https://www.historicwestsidegardens.org/,
CastleBerry Hill Community Market,Farmers Market,Market,"492 Larkin St. SW, Atlanta, GA, 30313",Atlanta,Castleberry Hill,M,33.7478679,-84.4037062,ok,Yes,Yes,Yes,April 20-Nov.9,Mondays,4pm-7pm,https://www.westsidefarmersmarkets.org/,
Freedom Farmers Market,Farmers Market,Market,"453 John Lewis Freedom Pkwy NE, Atlanta, GA, 30307",Atlanta,Poncey-Highland,N,33.7674332,-84.3572446,ok,Yes,Yes,Yes,Year round,Saturday,9am-12pm (Jan-Feb) 9am-12pm (Mar-Dec),https://www.freedomfarmersmkt.org/,
Green Market at Piedmont Park,Farmers Market,Market,"1071 Piedmont Ave Ne, Atlanta, GA, 30309",Atlanta,Midtown,E,33.7838926,-84.3786001,ok,Yes,Yes,Yes,March 30 - December 10,Saturday,9am-1pm,https://piedmontpark.org/green-market/,
Morningside Farmers Market,Farmers Market,Market,"1393 North Highland Avenue Northeast, Atlanta, GA, 30306",Atlanta,Morningside/Lenox Park,F,33.7921966,-84.3522948,ok,No,,Yes,Year round,Saturday,8am-11:30am,https://www.morningsidemarket.com/,
Norcross Community Market,Farmers Market,Market,"93 Park Drive , Norcross, GA, 30071",Norcross,Norcross,,33.9436428,-84.2139744,ok,Yes,Yes,Yes,May- August,Wednesdays,4pm-7pm,https://www.norcrosscommunitymarket.com,
Lilburn Farmers Market,Farmers Market,Market,"1400 Killian Hill Road, Lilburn, GA, ",Lilburn,Lilburn,,33.8596661,-84.0809453,ok,Yes,Yes,Yes,May- August,Fridays,4pm-7pm,https://www.lilburnfarmersmarket.org/,
Sandy Springs Farmers Market,Farmers Market,Market,"1 Galambos Way, Sandy Springs, GA, 30328",Sandy Springs,Sandy Springs,,33.9249799,-84.3805709,ok,,,Yes,"April-November 18, 2023",Saturdays,8:30am-12:30pm,https://citysprings.com/farmersmarket,
Roswell Farmers Market,Farmers Market,Market,"755 Mimosa Blvd, Roswell, GA, 30075",Roswell,Roswell,,34.0190896,-84.3624937,ok,Yes,,Yes,April-October,Saturdays,,http://roswellfam.com/,
Alpharetta Farmers Market,Farmers Market,Market,"40 S Main St, Alpharetta, GA, 30004",Alpharetta,Alpharetta,,34.074637,-84.293726,ok,Yes,Yes,Yes,April-November ,Saturdays,8am-12pm,https://alpharettafarmersmarket.com,
Tucker Farmers Markets,Farmers Market,Market," 4882 Lavista Rd, Tucker, GA, 30084",Tucker,Tucker,,33.8554486,-84.2218768,ok,Yes,Yes,Yes,April-November,Thursdays,4pm-7pm,https://www.tuckerfarmersmarket.com,
Sun Market,Farmers Market,Market,"2067 Columbia Drive , Decatur, GA, 30032",Decatur,Decatur,,33.7288829,-84.2531505,ok,Yes,Yes,Yes,May-August,2nd & 4th Saturday's,11am-2pm,https://www.eatfromthefarms.com/contact,
Marietta Square Farmers Market,Farmers Market,Market,"65 Church St, Marietta, GA, 30060",Marietta,Marietta,,33.953407,-84.550427,ok,Yes,Yes,Yes,Year round,Saturdays,8am-12pm,https://www.mariettasquarefarmersmarket.com,
Oakhurst Community Farmers Market,Farmers Market,Market,"630 East Lake Drive, Decatur, GA, 30030",Decatur,East Lake,,33.7604875,-84.3046297,ok,Yes,Yes,Yes,May 30-,Saturdays,9am-1pm,https://cfmatl.org/oakhurst/,
Peachtree Rd Farmers Market,Farmers Market,Market,"2744 Peachtree Rd NW, Atlanta, GA, 30305",Atlanta,Peachtree Heights West,B,33.8100049,-84.3938683,ok,Yes,Yes,Yes,March - December,Saturday,8:30am-12pm (March7-Dec12),https://peachtreeroadfarmersmarket.com/,
Pittsburgh Community Market,Farmers Market,Market,"
352 University Ave SW, Atlanta, GA, 30310",Atlanta,Pittsburgh,V,33.72131,-84.401736,ok,,,Yes,,Saturday,10am-2pm,https://www.pittsburghcommunitymarket.com/,
The Market at Good Sam (Health Center),Farmers Market,Market,"1015 Donald Lee Hollowell Pkwy NW, Atlanta, GA, 30318",Atlanta,Historic Westin/ Bankhead,K,33.7736171,-84.4206312,ok,,,Yes,,Monday- Thursday,9am-2pm,https://goodsamatlanta.org/thefarm/,
Unearthing Farm & Market,Farmers Market,Market,"1534 Memorial DR SE, Atlanta, GA, 30317",Atlanta,Kirkwood,O,33.7477143,-84.3372626,ok,Yes,Yes,Yes,,"Wednesdays, Saturdays","Wednesday 3pm-7pm, Saturday 10am-3pm",https://unearthingatl.org/,
East Atlanta Village Community Farmers Market,Farmers Market,Market,"572 Stokeswood Ave., Atlanta, GA, 30316",Atlanta,East Atlanta,W,33.7384449,-84.3444067,ok,Yes,Yes,Yes,April 15 - November 21,Thursday,4pm-8pm,https://cfmatl.org/eav/,
Grant Park Community Farmers Market,Farmers Market,Market,"1039 Grant St SE, Atlanta, GA, 30315",Atlanta,Grant Park,W,33.7250612,-84.3770603,ok,Yes,Yes,Yes,January-December ,Sunday,9am-1pm,https://cfmatl.org/grantpark/,
Virginia Highland District Community Farmers Market,Farmers Market,Market,"1017 North Highland Avenue NE, Atlanta, GA, 30306",Atlanta,Virginia Highland,F,33.7821356,-84.3538968,ok,Yes,Yes,Yes,March 30-November 16,Thursdays,3pm-7pm,https://www.facebook.com/VirginiaHighlandFarmersMarket/,
Decatur Community Farmers Market,Farmers Market,Market,"308 Clairmont Avenue, Decatur, GA, 30030",Decatur,Decatur,,33.7787655,-84.298025,ok,Yes,Yes,,"March 29 – November 15, 2023",Wednesdays,4pm-7pm,https://cfmatl.org/decatur/,
West End Beltline Farmers Market,Farmers Market,Market,"1354 Ralph D. Abernathy Blvd, Atlanta, GA, 30310",Atlanta,West End,T,33.7389376,-84.4322723,ok,Yes,Yes,Yes,June 5-August 29,Fridays & Saturdays,Friday (4-7pm) Saturday (12pm-3pm) Sundays (1pm-3pm),https://www.redeematlanta.org/west-end-farmers-market,
The Healthy Point Farmers & Artisan Market,Farmers Market,Market,"2757 East Point Street, East Point, GA, 30344",East Point,East Point,,33.6803279,-84.4406511,ok,Yes,,,"March 25- June 17, 2023",Saturdays,11am-5pm,https://eastpointga.gov/series/east-point-farmers-market-5/,
ALDI - Buckhead,Grocery Store,Grocery,"3221 Peachtree Rd, Atlanta, GA, 30305",Atlanta,Buckhead Village,B,33.8408703,-84.3731798,ok,Yes,No,Yes,Year Around,Monday -Sunday,8:00 AM - 8:00 PM,https://www.aldi.us/stores/en-us/Search?SingleSlotGeo=30305&Mode=None,
ALDI - SE Atlanta,Grocery Store,Grocery,"1461 Moreland Ave SE, Atlanta, GA, 30316",Atlanta,Custer/McDonough/Guice,W,33.7137182,-84.3502203,ok,Yes,No,Yes,Year Around,Monday -Sunday,8:30/9:00 AM - 8:00 PM,https://www.aldi.us/stores/en-us/Search?SingleSlotGeo=30305&Mode=None,
Buy Low Super Market,Grocery Store,Grocery,"820 James Jackson Pkwy NW, Atlanta, GA, 30318",Atlanta,Brookview Heights,G,33.7778125,-84.4751163,ok,Yes,,Yes,Year Around,Monday -Sunday,8:30 AM - 8:00 PM/ Sunday 6:00 PM,http://buy-low-super-market.edan.io/,
Kroger,Grocery Store,Grocery,"3300 Cobb Pkwy SE, Atlanta, GA, 30339",Atlanta,Vinings,,33.8717533,-84.4580652,ok,Yes,No,Yes,Year Around,Monday -Sunday,6:00 AM - 12:00 AM,https://www.kroger.com/stores/details/011/00207,
Kroger Ansley Mall,Grocery Store,Grocery,"1700 Monroe Dr NE, Atlanta, GA, 30324",Atlanta,Piedmont Heights,F,33.8005206,-84.3730287,ok,Yes,No,Yes,Year Around,Monday -Sunday,6:00 AM - 12:00 AM,https://www.kroger.com/stores/details/011/00298,
Kroger Cascade Citi Center,Grocery Store,Grocery,"590 Cascade Ave SW, Atlanta, GA, 30310",Atlanta,West End,T,33.7377939,-84.433366,ok,Yes,No,Yes,Year Around,Monday -Sunday,6:00 AM - 12:00 AM,https://www.kroger.com/stores/details/011/00412,
Kroger Cascade Corners,Grocery Store,Grocery,"3425 Cascade Rd SW, Atlanta, GA, 30311",Atlanta,Cascade,,33.7243034,-84.4991128,ok,Yes,No,Yes,Year Around,Monday -Sunday,6:00 AM - 12:00 AM,https://www.kroger.com/stores/details/011/00465,
Kroger DruidHills,Grocery Store,Grocery,"1799 Briarcliff Rd, Atlanta, GA, 30306",Atlanta,Druid Hills,,33.8042507,-84.3358403,ok,Yes,No,Yes,Year Around,Monday -Sunday,6:00 AM - 12:00 AM,https://www.kroger.com/stores/details/011/00655,
Kroger Edgewood Retail District,Grocery Store,Grocery,"1225 Caroline St NE, Atlanta, GA, 30307",Atlanta,Edgewood,O,33.756145,-84.3480736,ok,Yes,No,Yes,Year Around,Monday -Sunday,6:00 AM - 12:00 AM,https://www.kroger.com/stores/details/011/00461?cid=loc 01100461 gmb,
Kroger GlenwoodPlace,Grocery Store,Grocery,"800 Glenwood Ave SE, Atlanta, GA, 30316",Atlanta,Grant Park,W,33.7415489,-84.3611467,ok,Yes,No,Yes,Year Around,Monday -Sunday,5:00 AM - 12:00 AM,https://www.kroger.com/stores/details/011/00672,
Kroger HeadlandDR,Grocery Store,Grocery,"3030 Headland Dr SW, Atlanta, GA, 30311",Atlanta,Greenbriar,R,33.6891958,-84.4880071,ok,Yes,No,Yes,Year Around,Monday -Sunday,6:00 AM - 11:00 PM,https://www.kroger.com/stores/details/011/00462,
Kroger HowellMill,Grocery Store,Grocery,"1715 Howell Mill Rd NW, Atlanta, GA, 30318",Atlanta,Berkeley Park,D,33.8011737,-84.4143941,ok,Yes,No,Yes,Year Around,Monday -Sunday,6:00 AM - 12:00 AM,https://www.kroger.com/stores/details/011/00346,
Kroger Lindberg,Grocery Store,Grocery,"2452 Morosgo Way, Atlanta, GA, 30324",Atlanta,Lindbergh/Morosgo,B,33.8227125,-84.3658699,ok,Yes,No,Yes,Year Around,Monday -Sunday,6:00 AM - 12:00 AM,https://www.kroger.com/stores/details/011/00626,
Kroger MetropolitanPKWY,Grocery Store,Grocery,"2685 Metropolitan Pkwy SW, Atlanta, GA, 30315",Atlanta,Perkerson,X,33.681954,-84.4081153,ok,Yes,No,Yes,Year Around,Monday -Sunday,6:00 AM - 12:00 AM,https://www.kroger.com/stores/details/011/00364,
Kroger Ponce,Grocery Store,Grocery,"725 Ponce De Leon Ave NE, Atlanta, GA, 30306",Atlanta,Poncey-Highland,N,33.7720024,-84.3635692,ok,Yes,No,Yes,Year Around,Monday -Sunday,6:00 AM - 12:00 AM,https://www.kroger.com/stores/details/011/00695?cid=loc 01100695 gmb,
Kroger SouthMoreland,Grocery Store,Grocery,"1160 Moreland Ave SE, Atlanta, GA, 30316",Atlanta,East Atlanta,W,33.7223563,-84.3477965,ok,Yes,No,Yes,Year Around,Monday -Sunday,6:00 AM - 12:00 AM,https://www.kroger.com/stores/details/011/00488,
Piggly Wiggly,Grocery Store,Grocery,"1257 Moreland Ave SE, Atlanta, GA, https://www.pigglywiggly.com/store-locations/georgia/",Atlanta,Woodland Hills,W,33.7200241,-84.3504761,ok,Yes,No,Yes,Year Around,Monday -Sunday,8:00 AM - 8:45 PM,https://www.pigglywiggly.com/store-locations/georgia/,
Piggly Wiggly,Grocery Store,Grocery,"230 Cleveland Ave SW, Atlanta, GA, 30315",Atlanta,Glenrose Heights,Z,33.6799581,-84.3957609,ok,Yes,No,,Year Around,Monday -Sunday,8:00 AM - 8:45 PM,https://www.pigglywiggly.com/store-locations/georgia/,
Publix Carnia  Princeton Lakes,Grocery Store,Grocery,"3730 Carmia Dr SW, Atlanta, GA, 30331",Atlanta,Princeton Lakes,P,33.6564551,-84.5108308,ok,Yes,No,,Year Around,Monday -Sunday,7:00 AM - 10:00 PM,https://www.publix.com/locations/1056-publix-at-princeton-lakes,
Publix Cascade,Grocery Store,Grocery,"3695 Cascade Rd., Atlanta, GA, 30311",Atlanta,Cascade,,33.7243225,-84.507625,ok,Yes,,,Year Around,Monday -Sunday,7:00 AM - 10:00 PM,https://www.publix.com/locations/503-cascade-crossing-shopping-center,
Publix CheshireSq,Grocery Store,Grocery,"2325 Cheshire Bridge Rd NE, Atlanta, GA, 30324",Atlanta,Lindridge/Martin Manor,F,33.8189971,-84.3521099,ok,Yes,No,,Year Around,Monday -Sunday,7:00 AM - 10:00 PM,https://www.publix.com/locations/1044-cheshire-square,
Publix EastLake,Grocery Store,Grocery,"2235 Glenwood Ave SE, Atlanta, GA, 30316",Atlanta,East Lake,,33.7386147,-84.3132253,ok,Yes,No,,Year Around,Monday -Sunday,7:00 AM - 10:00 PM,https://www.publix.com/locations/783-publix-at-east-lake,
Publix Emory Commons,Grocery Store,Grocery,"2155 North Decatur Rd., Decatur, GA, 30033",Decatur,Decatur,,33.7896283,-84.3043978,ok,Yes,No,,Year Around,Monday -Sunday,7:00 AM - 10:00 PM,https://www.publix.com/locations/723-emory-commons,
Publix Lenox,Grocery Store,Grocery,"3535 Peachtree Rd, Atlanta, GA, 30326",Atlanta,Lenox,B,33.8518241,-84.3585,ok,Yes,No,,Year Around,Monday -Sunday,7:00 AM - 10:00 PM,https://www.publix.com/locations/664-lenox-marketplace,
Publix Madison Yards,Grocery Store,Grocery,"905 Memorial Dr SE, Atlanta, GA, 30316",Atlanta,Reynoldstown,N,33.7451178,-84.356966,ok,Yes,No,,Year Around,Monday -Sunday,7:00 AM - 10:00 PM,https://www.publix.com/locations/1647-madison-yards,
Publix Moores Mill Center,Grocery Store,Grocery,"2275 Marietta Blvd NW, Atlanta, GA, 30318",Atlanta,Bolton,C,33.8194051,-84.4495743,ok,Yes,No,,Year Around,Monday -Sunday,7:00 AM - 10:00 PM,https://www.publix.com/locations/1226-moores-mill-center,
Publix PeachtreeBattle,Grocery Store,Grocery,"2365 Peachtree Rd NE, Atlanta, GA, 30305",Atlanta,Peachtree Hills,B,33.825669,-84.3874531,ok,Yes,No,,Year Around,Monday -Sunday,7:00 AM - 10:00 PM,https://www.publix.com/locations/719-peachtree-battle-shopping-center,
Publix Piedmont,Grocery Store,Grocery,"595 Piedmont Ave NE, Atlanta, GA, 30308",Atlanta,Old Fourth Ward,M,33.7704472,-84.3812096,ok,Yes,No,,Year Around,Monday -Sunday,7:00 AM - 10:00 PM,https://www.publix.com/locations/776-publix-at-piedmont,
Publix Roswell ChastainSq,Grocery Store,Grocery,"4279 Roswell Rd NE, Atlanta, GA, 30342",Atlanta,North Buckhead,B,33.8712162,-84.3790928,ok,Yes,No,,Year Around,Monday -Sunday,6:45 AM - 10:00 PM,https://www.publix.com/locations/718-chastain-square,
Publix Super Market Ansley Mall,Grocery Store,Grocery,"1544 Piedmont Ave NE, Atlanta, GA, 30324",Atlanta,Piedmont Heights,F,33.7979202,-84.3714551,ok,Yes,No,,Year Around,Monday -Sunday,7:00 AM - 10:00 PM,https://www.publix.com/locations/599-ansley-mall,
Publix Super Market Atlantic Station,Grocery Store,Grocery,"1380 Atlantic Dr NW, Atlanta, GA, 30363",Atlanta,Atlantic Station,E,33.7927258,-84.3978715,ok,Yes,No,,Year Around,Monday -Sunday,7:00 AM - 10:00 PM,https://www.publix.com/locations/1010-publix-in-atlantic-station,
Publix Super Market Howell Mill Village,Grocery Store,Grocery,"2020 Howell Mill Rd NW A, Atlanta, GA, 30318",Atlanta,Wildwood,C,33.8102137,-84.4147408,ok,Yes,No,,Year Around,Monday -Sunday,7:00 AM - 10:00 PM,https://www.publix.com/locations/1119-howell-mill-village,
Publix Super Market Ponce,Grocery Store,Grocery,"1001 Ponce De Leon Ave NE, Atlanta, GA, 30306",Atlanta,Poncey-Highland,N,33.772874,-84.3544514,ok,Yes,No,,Year Around,Monday -Sunday,7:00 AM - 10:00 PM,https://www.publix.com/locations/724-publix-at-ponce,
Publix Super Market Summerhill,Grocery Store,Grocery,"572 Hank Aaron Dr SE, Atlanta, GA 30315",Atlanta,Summerhill,V,33.736818,-84.3878673,ok,Yes,No,,Year Around,Monday -Sunday,7:00 AM - 10:00 PM,https://www.publix.com/locations/1825-publix-at-summerhill,
Publix Super Market The Peach,Grocery Store,Grocery,"2900 Peachtree Rd NW, Atlanta, GA, 30305",Atlanta,Peachtree Heights West,B,33.8100049,-84.3938683,ok,Yes,No,,Year Around,Monday -Sunday,7:00 AM - 10:00 PM,https://www.publix.com/locations/282-the-peach,
Publix WestPacesFerry,Grocery Store,Grocery,"1250 West Paces Ferry Rd NW, Atlanta, GA, 30327",Atlanta,West Paces Ferry/Northside,A,33.8482184,-84.4278523,ok,Yes,No,,Year Around,Monday -Sunday,7:00 AM - 10:00 PM,https://www.publix.com/locations/720-west-paces-ferry,
Publix WestPeachtree Midtown,Grocery Store,Grocery,"950 West Peachtree  Street NE, Atlanta, GA, 30309",Atlanta,Midtown,E,33.7796169,-84.3880356,ok,Yes,,,Year Around,Monday -Sunday,7:00 AM - 10:00 PM,https://www.publix.com/locations/1061-the-plaza-midtown,
Sprouts Farmers Market,Grocery Store,Grocery,"1845 Piedmont Ave NE, Atlanta, GA, 30324",Atlanta,Morningside/Lenox Park,F,33.8066279,-84.365952,ok,Yes,,,Year Around,Monday -Sunday,7:00 AM - 10:00 PM,https://www.sprouts.com/store/ga/atlanta/atlanta-morningside/,
Sprouts Farmers Market,Grocery Store,Grocery,"4600 Roswell Rd, Sandy Springs, GA, 30342",Sandy Springs,Sandy Springs,,33.8796868,-84.3815912,ok,Yes,,,Year Around,Monday -Sunday,7:00 AM - 10:00 PM,,
The Fresh Market PeachtreeRd,Grocery Store,Grocery,"2099 Peachtree Rd NW, Atlanta, Ga, 3039",Atlanta,Midtown,E,33.8099165,-84.3926023,ok,Yes,,,YEAR AROUND,Monday -Sunday,8:00 AM - 9:00 PM,https://www.thefreshmarket.com/my-market/store/2099peachtree-atlanta,
The Fresh Market RoswellRd,Grocery Store,Grocery,"4405 Roswell Rd NE, Atlanta, GA, 30342",Atlanta,North Buckhead,B,33.874474,-84.3798997,ok,Yes,,,YEAR AROUND,Monday -Sunday,8:00 AM - 9:00 PM,https://www.thefreshmarket.com/my-market/store/4405roswell-atlanta,
Trader Joe's Buckhead,Grocery Store,Grocery,"3183 Peachtree Rd, Atlanta, GA, 30305",Atlanta,Buckhead Village,B,33.8409526,-84.3749866,ok,Yes,,,YEAR AROUND,Monday -Sunday,"monday, tuesday, thursday, friday, saturday 8:00 AM-9:00PM/wednesday, sunday 9:00 AM-9:00PM",https://locations.traderjoes.com/ga/atlanta/735/,
Trader Joe's Monroe,Grocery Store,Grocery,"931 Monroe Cir NE, Atlanta, GA, 30308",Atlanta,Midtown,E,33.7791836,-84.3692219,ok,Yes,,,YEAR AROUND,Monday -Sunday,9:00 AM - 9:00 PM,https://locations.traderjoes.com/ga/atlanta/730/,
Wayfield Foods,Grocery Store,Grocery,"3050 Martin L King JR DR SW

, Atlanta, GA, 30311",Atlanta,Harland Terrace,I,33.7234034,-84.4750137,ok,Yes,No,,Year Around,Monday -Sunday,7:00 AM-5:00 PM,http://wayfieldfoods.com,
Whole Foods 365 Market,Grocery Store,Grocery,"3535 Northside Pkwy, Atlanta, GA, 30327",Atlanta,Randall Mill,A,33.8502279,-84.4298258,ok,Yes,,,Year Around,Monday -Sunday,7:00 AM-9:00 PM,https://www.wholefoodsmarket.com/stores/northsidebuckhead,
Whole Foods Market Buckhead,Grocery Store,Grocery,"77 West Paces Ferry Rd NW, Atlanta, GA, 30305",Atlanta,South Tuxedo Park,B,33.8401577,-84.380928,ok,Yes,,,Year Around,Monday -Sunday,7:00 AM-9:00 PM,https://www.wholefoodsmarket.com/stores/buckhead,
Whole Foods Midtown,Grocery Store,Grocery,"22 14th St NW, Atlanta, GA, 30309",Atlanta,Midtown,E,33.7861922,-84.388287,ok,Yes,,,Year Around,Monday -Sunday,7:00 AM-9:00 PM,https://www.wholefoodsmarket.com/stores/midtownatlanta,
Whole Foods Ponce,Grocery Store,Grocery,"650 Ponce De Leon Ave NE, Atlanta, GA, 30308",Atlanta,Midtown,E,33.7746531,-84.3659884,ok,Yes,,,Year Around,Monday -Sunday,7:00 AM-9:00 PM,https://www.wholefoodsmarket.com/stores/poncedeleon,
14th St Grocery and Halal Meat,Neighborhood Market,Neighborhood market,"398 14th St NW, Atlanta, GA, 30318",Atlanta,Home Park,E,33.7859623,-84.4002351,ok,No,,,Year Around,Monday - Sunday,10AM-10PM,https://www.facebook.com/14th-Street-Grocery-and-Halal-Meat-178919075528881/,
Atlanta Food Mart,Neighborhood Market,Neighborhood market,"1190 Metropolitan Pkwy, Atlanta, GA, 30310",Atlanta,Pittsburgh,V,33.7225295,-84.4075845,ok,Yes,,,January-December ,Monday - Sunday,24 Hours,,
Bennett's Market and Deli,Neighborhood Market,Neighborhood market,"568 Boulevard SE, Atlanta, GA, 30312",Atlanta,Grant Park,W,33.7390046,-84.3678617,ok,No,No,,Year Around,Monday - Sunday,9 AM-9 PM,https://www.bennettsmarket.com/,
Big Bear Foods,Neighborhood Market,Neighborhood market,"683 Joseph E Lowery Blvd SW, Atlanta, GA, 30310",Atlanta,West End,T,33.7364442,-84.4183422,ok,Yes,No,,January-December ,Monday - Sunday,"M-F: 8:30AM-8PM. Sat: 8:30 AM-8 PM, Sun 8:30-6 PM",,
Candler Park Market,Neighborhood Market,Neighborhood market,"1642 McLendon Ave NE, Atlanta, GA, 30307",Atlanta,Candler Park,N,33.7650686,-84.3336957,ok,No,No,,Year Around,Monday - Sunday,"7AM-10 PM/ SAT 9 AM -10 PM, SUN 9 AM-9PM",https://www.candlerparkmarket.com/grocery,
Carver Neighborhood Market ,Neighborhood Market,Neighborhood market,"1297 McDonough Blvd SE, Atlanta, GA, 30315",Atlanta,South Atlanta,Y,33.7191877,-84.3852816,ok,Yes,Yes,,Year Around,Monday - Sunday,"M-F 6:30AM - 7:00 PM, Sat 8 AM- 7 PM, Sun 10 AM-6 PM",https://www.carvermarket.com/,
Chop Shop,Neighborhood Market,Neighborhood market,"1366 Memorial Drive SE, Atlanta, GA, 30317",Atlanta,Edgewood,O,33.7477431,-84.3425911,ok,No,No,,Year Around,Monday - Sunday,"M-F 10-7 PM, Sat 9-6 PM, Sunday 10-5 PM",CLOSED,
City Market,Neighborhood Market,Neighborhood market,"417 N Central, Hapeville, GA, 30354",Hapeville,Hapeville,,33.655938,-84.402472,ok,Yes,No,,Year Around,Monday - Sunday,8 AM- 10 PM,http://city-market-hapeville.edan.io/,
Discount Meat World,Neighborhood Market,Neighborhood market,"2595 Donald Lee Hollowell Pkwy NW, Atlanta, GA, 30318",Atlanta,Center Hill,J,33.7758703,-84.4717064,ok,Yes,No,,Year Around,Monday - Sunday,"9 AM - 5 PM, SUN 10AM-5PM",,
El Progreso #1,Neighborhood Market,Neighborhood market,"199 Cleveland Ave SW, Atlanta, GA, 30315",Atlanta,Browns Mill Park,Z,33.6814729,-84.3955557,ok,Yes,No,,Year Around,Monday - Sunday,9 AM - 9PM,https://www.facebook.com/El-Progreso-1-1873761632683284/,
El Progreso #14,Neighborhood Market,Neighborhood market,"1460 Boulevard SE, Atlanta, GA, 30315",Atlanta,Benteen Park,W,33.714369,-84.3683179,ok,Yes,No,,Year Around,Monday - Sunday,9 AM- 9:30 PM,https://www.yelp.com/biz/el-progreso-atlanta-2,
Fiesta Foods,Neighborhood Market,Neighborhood market,"2455 Piedmont Rd NE, Atlanta, GA, 30324",Atlanta,Lindbergh/Morosgo,B,33.8223266,-84.3669369,ok,Yes,No,,January-December ,Monday - Sunday,"M-Sat: 10AM-7 PM, Sun: 11AM-6PM",http://fiesta-foods-atlanta.edan.io/,
Floral Park Market,Neighborhood Market,Neighborhood market,"775 Trabert Ave. NW, Atlanta, GA, 30318",Atlanta,Berkeley Park,D,33.7943877,-84.4137486,ok,No,No,,YEAR AROUND,Monday - Sunday,"Monday–Friday 9 am – 6 pm
Saturday 10 am – 4 pm
Sunday 11 am – 4 pm",https://www.floralparkmarket.com/,
Fruit Veggies & Herbs,Neighborhood Market,Neighborhood market,"2085 Campbellton Rd SW, Atlanta, GA, 30311",Atlanta,Cambellton,R,33.7071029,-84.456584,ok,Yes,No,,January-December ,Monday - Saturday,Mon-Sat 9:30AM- 8PM,https://www.facebook.com/fruitsveggiesherbs/,
Grant Park Market,Neighborhood Market,Neighborhood market,"519 Memorial Drive, Suite A-04, Atlanta, GA, 30312",Atlanta,Grant Park,W,33.7458903,-84.3699972,ok,No,No,,January-December,Monday - Sunday,9 AM - 8 PM,https://www.grantparkmarket.net/,
JD Summerhill Variety Deli,Neighborhood Market,Neighborhood market,"559 Martin St SE, Atlanta, GA, 30312",Atlanta,Summerhill,V,33.7393561,-84.3842355,ok,Yes,No,,Year Around,Monday - Sunday,"M-Sat: 8 AM - 9PM, Sun 9 AM-7 PM",https://www.facebook.com/jdsummerhillvarietydeli/,
Jesse Hill Marker -Grady Food Pharmacy,Neighborhood Market,Neighborhood market,"92 Jesse Hill Jr Dr SE, Atlanta, GA, 30303",Atlanta,Downtown,M,33.751337,-84.3831935,ok,No,No,,Year Around,Tuesday-Friday,Tues-Friday 10 AM-4PM,https://www.gradyhealth.org/locations/jesse-hill-market/,
L & M Market,Neighborhood Market,Neighborhood market,"785 Argonne Ave NE, Atlanta, GA, 30308",Atlanta,Midtown,E,33.7759962,-84.3774678,ok,No,No,,Year Around,Monday - Sunday,"10 AM - 8 PM, Sunday 11-6 PM",https://www.instagram.com/lnmservicemarket/,
Lakewood Food Mart,Neighborhood Market,Neighborhood market,"184 McDonough Blvd SE, Atlanta, GA, 30315",Atlanta,South Atlanta,Y,33.7180667,-84.3821932,ok,Yes,No,,January-December,Monday - Sunday,"8:00 AM - 10PM Mondays, 8AM-9:30PM Tuesdays, 8AM-10:15PM Wednesdays, 8AM-9:45PM Thursdays, 8AM-10:20PM Fridays, 8AM-11PM Saturdays, 9AM-10:15PM Sundays ",,
Leafy Greens Market,Neighborhood Market,Neighborhood market,"2824 Church Street, East Point, GA, 30344",East Point,East Point,,33.6781888,-84.4439421,ok,Yes,,Yes,Year Round,Monday - Saturday,Monday - Friday 9AM-7PM Saturday 9AM-4PM,CLOSED,
Little's Food Store,Neighborhood Market,Neighborhood market,"198 Carroll St SE, Atlanta, GA, 30312",Atlanta,Cabbagetown,N,33.7492211,-84.3678925,ok,No,No,,Year Around,Monday - Sunday,10 AM - 9 PM,http://www.littlesfoodstore.com/,
Lucy's Market,Neighborhood Market,Neighborhood market,"56 E Andrews Dr NW, Atlanta, GA, 30305",Atlanta,South Tuxedo,B,33.8426657,-84.3811047,ok,No,No,,Year Around,Monday - Saturday,Mon-Sat:10 AM- 5 PM,https://www.lucysmarket.com/,
Mercado Acapulco Y Taqueria,Neighborhood Market,Neighborhood market,"2179 Cheshire Bridge Rd NE, Atlanta, GA, 30324",Atlanta,Lindbergh/Martin Manor,F,33.8144257,-84.3529315,ok,Yes,No,,January-December,Monday - Sunday,10 AM - 9PM,http://mercado-y-taqueria.edan.io/,
Midtown Butcher Shop,Neighborhood Market,Neighborhood market,"985 Monroe Dr NE Suite C,, Atlanta, GA, 30308",Atlanta,Midtown,E,33.7814205,-84.3683628,ok,No,No,,Year Around,Monday - Sunday,10 AM - 7:30 PM/ Sun 11 AM-6 PM,https://midtownbutcher.com/,
Oakhurst Market,Neighborhood Market,Neighborhood market,"650 E Lake Dr, Decatur, GA, 30030",Decatur,Decatur,,33.7598947,-84.3038633,ok,No,No,,Year Around,Monday - Sunday,10 AM - 8 PM,https://www.oakhurstmarket.com/,
Pyramid Grocery,Neighborhood Market,Neighborhood market,"825 McDaniel St SW, Atlanta, GA, 30310",Atlanta,Pittsburgh,V,33.7323605,-84.4022052,ok,Yes,No,,Year Around,Monday - Saturday,"Mon-Thurs 11 AM - 9 PM, Fri-Sat 11 AM-10 PM,",https://www.instagram.com/pyramid_gro/?hl=en,
Quality Meat Market,Neighborhood Market,Neighborhood market,"2034 Sylvan Rd SW, Atlanta, GA, 30310",Atlanta,Sylvan Hills,X,33.6991241,-84.4176352,ok,Yes,Yes,,Year Around,Monday - Saturday,"10 AM - 6:30 PM, Closed",https://qualitymeatmarket.business.site/,
Savi Provisions,Neighborhood Market,Neighborhood market,"287 Elizabeth Street NE, Atlanta, GA, 30307",Atlanta,Inman Park,N,33.7623486,-84.3578402,ok,Yes,No,,Year Around,Monday - Sunday,"8 AM - 10 PM, Sun 9AM -10 PM",https://www.saviprovisions.com/location/savi-provisions-inman-park/,
Savi Provisions,Neighborhood Market,Neighborhood market,"308 Pharr Rd, Atlanta, GA, 30305",Atlanta,Buckhead,,33.8373746,-84.3773314,ok,Yes,No,,Year Around,Monday - Sunday,"8 AM - 10 PM, Sun 9AM -10 PM",https://www.saviprovisions.com/location/savi-provisions-pharr-road/,
Savi Provisions,Neighborhood Market,Neighborhood market,"988 Peachtree St NE, Atlanta, GA, 30309",Atlanta,Midtown,E,33.7810517,-84.3843077,ok,Yes,No,,Year Around,Monday - Sunday,"8 AM - 10 PM, Sun 9AM -10 PM",https://www.saviprovisions.com/location/savi-provisions-midtown/,
Sean's Harvest Market,Neighborhood Market,Neighborhood market,"500 Amsterdam Ave NE, Atlanta, GA, 30306",Atlanta,Ansley Park,F,33.7885106,-84.3697747,ok,No,No,,Year Around,Tuesday- Sunday,"8 AM - 5 PM, Weekends: 9 AM-5 PM",http://www.seansharvestmarket.com/,
Sevananda Natural Foods Market,Neighborhood Market,Neighborhood market,"467 Moreland Ave NE, Atlanta, GA, 30307",Atlanta,Candler Park,N,33.7670353,-84.3485359,ok,Yes,No,,Year Around,Monday - Sunday,10 AM - 5 PM,https://sevananda.coop/,
The Municipal Market- Sweet Auburn,Neighborhood Market,Neighborhood market,"209 Edgewood Ave SE, Atlanta, GA, 30303",Atlanta,Downtown,M,33.7540215,-84.379914,ok,Yes,Yes,,YEAR AROUND,Monday - Sat,8 AM - 5 PM,https://municipalmarketatl.com/,
The Spotted Trotter- Edgewood,Neighborhood Market,Neighborhood market,"229 Moreland Ave SE, Atlanta, GA, 30316",Atlanta,Reynoldstown,N,33.7470931,-84.3496246,ok,No,No,,Year Around,Monday - Sunday,10 AM - 8 PM/ Sun: 10 AM -6 PM,http://thespottedtrotter.com/,
Tuscany at Your Table,Neighborhood Market,Neighborhood market,"1050 North Highland Avenue Northeast, Atlanta, GA, 30306",Atlanta,Poncey-Highland,N,33.7832179,-84.3546243,ok,No,No,,YEAR AROUND,Monday - Sunday,11 AM - 7 PM/ Sun: 11 AM -6 PM,http://www.tuscanyatyourtable.com/,
Westview Corner Grocery,Neighborhood Market,Neighborhood market,"1562 Ralph David Abernathy Blvd SW, Atlanta, GA, 30310",Atlanta,West End,,33.743753,-84.4386413,ok,Yes,No,,Year Around,Monday - Sunday,"M-Th 8 AM- 8 PM, F-Sat 8 AM - 9 PM, Sun 10AM - 8 PM",https://westviewgrocery.com/,
BJ. Wholesale,Supercenter,Grocery,"3585 N. Commerce Dr, Atlanta, GA, 30344",Atlanta,Camp Creek,,33.6588855,-84.5041368,ok,Yes,No,,Year Round,Monday - Sunday,9:00 AM - 9:00 PM/ 8:00 PM sunday,https://www.bjs.com/cl/east-point/0152,
Target  EastPoint,Supercenter,Grocery,"3660 Marketplace Blvd, East Point, GA, 30344",East Point,East Point,,33.6591903,-84.4992957,ok,Yes,No,,Year Around,Monday -Sunday,8:00 AM -10:00 PM,https://www.target.com/sl/east-point/1546,
Target Atlantic Station 18th,Supercenter,Grocery,"375 18th St NW, Atlanta, GA, 30363",Atlanta,Atlantic Station,E,33.7932856,-84.3993367,ok,Yes,No,,Year Round,Monday -Sunday,8:00 AM -10:00 PM,https://atlanticstation.com/directory/shop/target/,
Target Caroline,Supercenter,Grocery,"1275 Caroline St NE, Atlanta, GA, 30307",Atlanta,Edgewood,O,33.7569125,-84.3459888,ok,Yes,No,,Year Round,Monday -Sunday,7:00 AM -10:00 PM,https://www.target.com/sl/atlanta-edgewood/1964,
Target PeachtreeLenox,Supercenter,Grocery,"3535 Peachtree Rd, Atlanta, GA, 30326",Atlanta,Lenox,B,33.8518241,-84.3585,ok,Yes,No,,Year Round,Monday - Sunday,8:00 AM -10:00 PM,https://www.target.com/sl/buckhead/1197,
Target PiedmontLinPlaza,Supercenter,Grocery,"2539 Piedmont Rd NE, Atlanta, GA, 30324",Atlanta,Lindbergh/Morosgo,B,33.8237498,-84.3631009,ok,Yes,No,,Year Round,Monday - Sunday,8:00 AM -10:00 PM,https://www.target.com/sl/buckhead-south/2171,
Walmart Delta Blvd,Supercenter,Grocery,"1030 Delta Blvd, Atlanta, GA, 30354",Atlanta,College Park,X,33.6562452,-84.4242419,ok,Yes,No,,Year Around,Monday - Friday,8:00 AM - 5:30 PM,https://www.walmart.com/store/5010-atlanta-ga,
Walmart East Point,Supercenter,Grocery,"844 Cleveland Ave, Atlanta, GA, 30344",Atlanta,East Point,,33.6813186,-84.4165407,ok,Yes,No,,Year Around,Monday - Sunday,7:00 AM - 11:00 PM,https://www.walmart.com/store/6998-east-point-ga,
Walmart HowellMill,Supercenter,Grocery,"1801 Howell Mill Rd NW, Atlanta, GA, 30318",Atlanta,Berkeley Park,D,33.8034755,-84.4114393,ok,Yes,No,,Year Around,Monday - Sunday,7:00 AM - 11:00 PM,https://www.walmart.com/store/3775-atlanta-ga,
Walmart ResearchCD,Supercenter,Grocery,"1105 Research Center Dr, Atlanta, GA, 30331",Atlanta,Adamsville,,33.7281915,-84.5079678,ok,Yes,No,,Year Around,Monday - Sunday,7:00 AM - 11:00 PM,https://www.walmart.com/store/3741-atlanta-ga,
A Sip of Paradise (EAV Edible Learning Garden),Community Garden,Garden or farm,", atlanta, GA , ",Atlanta,,,33.748752,-84.3876845,city_center_only,,,,,,,https://asipofparadisegarden.org/,EAV Edible Learning Garden
Adamsville Community Garden,Community Garden,Garden or farm,", Atlanta, GA, ",Atlanta,,,33.748752,-84.3876845,city_center_only,,,,,,,https://www.facebook.com/adamsvillecommunitygarden/,Adamsville Community Garden
Alpharetta Community Garden,Community Garden,Garden or farm,", Alpharetta, GA, ",Alpharetta,,,34.0753762,-84.2940899,ok,,,,,,,https://www.alpharettacommunitygarden.org/contact-us,
Austell Community Garden,Community Garden,Garden or farm,", Austell, GA, ",Austell,,,33.8126059,-84.6343783,ok,,,,,,,https://www.austellga.gov/CommunityGarden.aspx,
Belvedere Peace Community Garden- PAHL,Community Garden,Garden or farm,", Decatur, GA, ",Decatur,,,33.7748275,-84.2963123,city_center_only,,,,,,,,Belvedere Peace Community Garden- PAHL
Blackburn Park Community Garden,Community Garden,Garden or farm,", Brookhaven, GA, ",Brookhaven,,,33.8650186,-84.3371266,ok,,,,,,,https://friendsofblackburnpark.org/community-garden,
Brookside Community Garden,Community Garden,Garden or farm,", Decatur, GA, ",Decatur,,,33.7748275,-84.2963123,city_center_only,,,,,,,https://www.dekalbcountyga.gov/news/dekalb-recreation-parks-and-cultural-affairs-hold-ribbon-cutting-brookside-park-leash-dog-0,Brookside Community Garden
Brownwood Park Community Garden,Community Garden,Garden or farm,", Atlanta, , ",Atlanta,,,33.748752,-84.3876845,city_center_only,,,,,,,https://www.facebook.com/BrownwoodParkCommunityGarden/about_contact_and_basic_info,Brownwood Park Community Garden
Cabbagetown Community Garden,Community Garden,Garden or farm,", Atlanta, , ",Atlanta,,,33.748752,-84.3876845,city_center_only,,,,,,,https://cabbagetown.com/garden,Cabbagetown Community Garden
Callanwolde Community Garden,Community Garden,Garden or farm,", Atlanta, , ",Atlanta,,,33.748752,-84.3876845,city_center_only,,,,,,,https://callanwolde.org/classes/gardening/,Callanwolde Community Garden
Capitol View/Jesse Dill Community Garden,Community Garden,Garden or farm,", Atlanta, , ",Atlanta,,,33.748752,-84.3876845,city_center_only,,,,,,,https://capitolview.org/wp-content/uploads/2021/04/CVGarden_earthday2021-flier_04.24.21.pdf,Capitol View Community Garden
CCYA -Blooming with Possibilities Garden Global Growers,Community Garden,Garden or farm,", Marietta, GA, ",Marietta,,,33.952602,-84.5499327,city_center_only,,,,,,,https://ccyakids.org/blooming-with-possibilities,CCYA -Blooming with Possibilities
Chattahoochee Nature Center Unity Garden (Master Garden Cobb Co.),Community Garden,Garden or farm,", Rosswell, , ",Roswell,,,33.3942655,-104.5230242,wrong_location,,,,,,,https://www.chattnaturecenter.org/blog/category/unity-garden/,Chattahoochee Nature Center
Church of the Incarnation Community Garden,Community Garden,Garden or farm,", Atlanta, , ",Atlanta,,,33.748752,-84.3876845,city_center_only,,,,,,,https://www.incaratl.org,Church of the Incarnation Community Garden
City Fresh Gardens,Community Garden,Garden or farm,", Atlanta, , ",Atlanta,,,33.748752,-84.3876845,city_center_only,,,,,,,https://www.cityfreshgardens.com/,City Fresh Gardens
City of Alpharetta's Farm at Old Rucker Park,Community Garden,Garden or farm,", Alpharetta, , ",Alpharetta,,,34.0753762,-84.2940899,ok,,,,,,,https://www.alpharetta.ga.us/395/Facilities?contentId=0cbefa94-c9e9-44b9-b160-7dc96be7dd05,
Columbia Theological Seminary Garden,Community Garden,Garden or farm,", Decatur, , ",Decatur,,,33.7748275,-84.2963123,city_center_only,,,,,,,https://www.ctsnet.edu/about-us/sustainability/,Columbia Theological Seminary Garden
Community Garden at Gerald Matthews Complex,Community Garden,Garden or farm,", Hampton, , ",Hampton,,,37.0298687,-76.3452218,wrong_location,,,,,,,https://www.claytoncountyga.gov/clayton-county/gerald-matthew-community-garden-grand-opening/,Community Garden at Gerald Matthews Complex
Community Garden at Snellville (CG@S),Community Garden,Garden or farm,", Snellville, , ",Snellville,,,33.857328,-84.0199108,ok,,,,,,,https://www.snellvillecommunitygarden.com/,
Community Garden at the East Point Historic Complex,Community Garden,Garden or farm,", East Point, , ",East Point,,,33.6795531,-84.4393724,ok,,,,,,,https://www.communitygardenofmorrow.com/,
Community Garden Of Jonseboro,Community Garden,Garden or farm,", Jonesboro, , ",Jonesboro,,,35.835696,-90.7051346,wrong_location,,,,,,,https://handheartsoulproject.org/jonesboro-garden,Community Garden Of Jonesboro
Community Garden of Morrow,Community Garden,Garden or farm,", Morrow, , ",Morrow,,,,,missing,,,,,,,https://www.communitygardenofmorrow.com/,Community Garden of Morrow
Creation Care Garden,Community Garden,Garden or farm,", Lithonia, , ",Lithonia,,,33.7123305,-84.1051939,ok,,,,,,,http://creationcaregardens.weebly.com/,
Cross Culture Community Garden,Community Garden,Garden or farm,", Lithonia, , ",Lithonia,,,33.7123305,-84.1051939,ok,,,,,,,,
CrossRoads Community Garden,Community Garden,Garden or farm,", Marietta, , ",Marietta,,,33.952602,-84.5499327,city_center_only,,,,,,,https://sites.google.com/site/crcg2009/,CrossRoads Community Garden
Dunwoody Community Garden & Orchard,Community Garden,Garden or farm,", Dunwoody, , ",Dunwoody,,,33.9462125,-84.3346473,ok,,,,,,,https://dcgo.org/,
Earthkeeper's Community Garden at Columbia Drive United Methodist Church (CDUMC) ,Community Garden,Garden or farm,", Decatur, , ",Decatur,,,33.7748275,-84.2963123,city_center_only,,,,,,,https://www.cdumc.com/garden-ministry,Earthkeeper's Community Garden at Columbia Drive United Methodist Church
East Atlanta Village Edible Learning Garden,Community Garden,Garden or farm,", Atlanta, , ",Atlanta,,,33.748752,-84.3876845,city_center_only,,,,,,,https://www.foodwellalliance.org/east-atlanta-village-community-garden,East Atlanta Village Edible Learning Garden
East Lake Community Learning Garden (East Lake Highrise Golden Growers Community Garden),Community Garden,Garden or farm,", Atlanta, , ",Atlanta,,,33.748752,-84.3876845,city_center_only,,,,,,,https://sites.google.com/a/sehort.org/elclg/,East Lake Highrise Golden Growers Community Garden
Elm Street Urban Farm (Historic Westside Gardends),Community Garden,Garden or farm,", Atlanta, , ",Atlanta,,,33.748752,-84.3876845,city_center_only,,,,,,,https://www.historicwestsidegardens.org/,Historic Westside Gardens
Emory Grove Community Garden,Community Garden,Garden or farm,", Atlanta, , ",Atlanta,,,33.748752,-84.3876845,city_center_only,,,,,,,,Emory Grove Community Garden
Exchange Park Community Garden Dekalb Co. Initiative,Community Garden,Garden or farm,", Decatur, , ",Decatur,,,33.7748275,-84.2963123,city_center_only,,,,,,,https://www.dekalbcountyga.gov/natural-resources-management-office/garden-parks,Exchange Park Community Garden
Fairway Community Farm,Community Garden,Garden or farm,", Atlanta, , ",Atlanta,,,33.748752,-84.3876845,city_center_only,,,,,,,,Fairway Community Farm
Favor House Community Garden (Favor Garden),Community Garden,Garden or farm,", College Park, , ",College Park,,,38.9896967,-76.93776,wrong_location,,,,,,,https://georgiafavorhouse.com/,Favor Garden
Feed the Temple- Allen Hill Apartment ,Community Garden,Garden or farm,", Atlanta, , ",Atlanta,,,33.748752,-84.3876845,city_center_only,,,,,,,,Feed the Temple- Allen Hill Apartment
Fire Station 28 CG,Community Garden,Garden or farm,", Atlanta, , ",Atlanta,,,33.748752,-84.3876845,city_center_only,,,,,,,,Fire Station 28 CG
Flat Shoals Park Community Garden,Community Garden,Garden or farm,", Riverdale, , ",Riverdale,,,,,missing,,,,,,,https://www.flatshoals30349communitygarden.org/,Flat Shoals Park Community Garden
Fountain of Hope,Community Garden,Garden or farm,", Atlanta, , ",Atlanta,,,33.748752,-84.3876845,city_center_only,,,,,,,https://fohfoodbank.org/about/,Fountain of Hope
Fruits of Your Labor Community Garden,Community Garden,Garden or farm,", Lithonia, , ",Lithonia,,,33.7123305,-84.1051939,ok,,,,,,,,
Garden Global Growers - Columbia Drive Presbyterian ,Community Garden,Garden or farm,", Decatur, , ",Decatur,,,33.7748275,-84.2963123,city_center_only,,,,,,,https://globalgrowers.org/land,Columbia Drive Presbyterian
Garden of Hope- St Philip Benizi Catholic Church ,Community Garden,Garden or farm,", Jonesboro, , ",Jonesboro,,,35.835696,-90.7051346,wrong_location,,,,,,,,Garden of Hope- St Philip Benizi Catholic Church
Garden of Plenty,Community Garden,Garden or farm,", Atlanta, , ",Atlanta,,,33.748752,-84.3876845,city_center_only,,,,,,,,Garden of Plenty
Glenrose Community Garden,Community Garden,Garden or farm,", Atlanta, , ",Atlanta,,,33.748752,-84.3876845,city_center_only,,,,,,,https://www.facebook.com/GlenroseGardens/,Glenrose Community Garden
Global Growers - Umurima Wa Burundi ,Community Garden,Garden or farm,", Decau, , ",Decatur,,,,,missing,,,,,,,https://globalgrowers.org/land,Umurima Wa Burundi
Global Growers- Clarkston Community Garden,Community Garden,Garden or farm,", Clarkston, , ",Clarkston,,,42.7351196,-83.4192941,wrong_location,,,,,,,https://globalgrowers.org/land,Clarkston Community Garden
Global Growers- Decatur's Kitchen Garden ,Community Garden,Garden or farm,", Decatur, , ",Decatur,,,33.7748275,-84.2963123,city_center_only,,,,,,,https://globalgrowers.org/land,Decatur's Kitchen Garden
Good Shepherd Presbyterian Church Community Garden,Community Garden,Garden or farm,", Lilburn, , ",Lilburn,,,33.8901036,-84.1429719,ok,,,,,,,https://gspc.net/ministries/garden/,
Good Things Community Garden,Community Garden,Garden or farm,", Decatur, , ",Decatur,,,33.7748275,-84.2963123,city_center_only,,,,,,,https://www.foodwellalliance.org/good-things-garden,Good Things Community Garden
Grant Park Community Garden (GPCG),Community Garden,Garden or farm,", Atlanta, , ",Atlanta,,,33.748752,-84.3876845,city_center_only,,,,,,,https://sites.google.com/view/grantparkcommunitygarden/,Grant Park Community Garden
Grape Roots Inc.,Community Garden,Garden or farm,", Atlanta, , ",Atlanta,,,33.748752,-84.3876845,city_center_only,,,,,,,http://www.graperoots.org/about/,Grape Roots Inc.
Green Meadows Preserve Community Garden (Master Gardener Cobb Co.),Community Garden,Garden or farm,", Marietta, , ",Marietta,,,33.952602,-84.5499327,city_center_only,,,,,,,https://www.cobbmastergardeners.com/project/green-meadows-preserve-community-garden/,Green Meadows Preserve
Greening Youth Community Garden at UCTI,Community Garden,Garden or farm,", Atlanta, , ",Atlanta,,,33.748752,-84.3876845,city_center_only,,,,,,,https://www.facebook.com/theUCTI/,Greening Youth Community Garden at UCTI
Grove Park Community Garden,Community Garden,Garden or farm,", Atlanta, , ",Atlanta,,,33.748752,-84.3876845,city_center_only,,,,,,,https://www.facebook.com/GroveParkGardensATL/,Grove Park Community Garden
GROWL Garden (UGA EXTENSION),Community Garden,Garden or farm,", College Park, , ",College Park,,,38.9896967,-76.93776,wrong_location,,,,,,,https://extension.uga.edu/county-offices/fulton/community-gardens.html,GROWL Garden
Hairston Lake Community Garden,Community Garden,Garden or farm,", Stone Mountain, , ",Stone Mountain,,,33.8081608,-84.170196,city_center_only,,,,,,,https://www.foodwellalliance.org/hairston-lake-community-garden,Hairston Lake Community Garden
Hartnett Community Garden,Community Garden,Garden or farm,", Atlanta, , ",Atlanta,,,33.748752,-84.3876845,city_center_only,,,,,,,https://www.wawa-online.org/ugro-garden-1,Hartnett Community Garden
Harvest Farm Community Garden (White Street Park),Community Garden,Garden or farm,", Suwannee, , ",Suwanee,,,30.2485096,-82.9931607,wrong_location,,,,,,,https://harvestfarmsuwanee.com/,White Street Park
Harvest Gwintett - Bethesda Park Community Garden  ,Community Garden,Garden or farm,", Lawrenceville, , ",Lawrenceville,,,33.9562149,-83.9879625,ok,,,,,,,https://www.livehealthygwinnett.com/programs-events/harvest-gwinnett/,
Harvest Gwintett - Dacula Park Community Garden ,Community Garden,Garden or farm,", Dacula, , ",Dacula,,,33.9887165,-83.8979573,ok,,,,,,,https://www.livehealthygwinnett.com/programs-events/harvest-gwinnett/,
Harvest Gwintett - E. E. Robinson Park Community Garden ,Community Garden,Garden or farm,", Sugarhill, , ",Sugar Hill,,,,,missing,,,,,,,https://www.livehealthygwinnett.com/programs-events/harvest-gwinnett/,E. E. Robinson Park Community Garden
Harvest Gwintett - Graves Park Community Garden,Community Garden,Garden or farm,", Norcross, , ",Norcross,,,33.9411081,-84.2137443,ok,,,,,,,https://www.livehealthygwinnett.com/programs-events/harvest-gwinnett/,
Harvest Gwintett - Grayson Community Garden ,Community Garden,Garden or farm,", Grayson, , ",Grayson,,,33.7062406,-96.663812,wrong_location,,,,,,,https://www.livehealthygwinnett.com/programs-events/harvest-gwinnett/,Grayson Community Garden
Harvest Gwintett - Lawrenceville Community Garden,Community Garden,Garden or farm,", Lawrenceville, , ",Lawrenceville,,,33.9562149,-83.9879625,ok,,,,,,,https://www.livehealthygwinnett.com/programs-events/harvest-gwinnett/,
Harvest Gwintett - Lenora Park Community Garden ,Community Garden,Garden or farm,", Snellville, , ",Snellville,,,33.857328,-84.0199108,ok,,,,,,,https://www.livehealthygwinnett.com/programs-events/harvest-gwinnett/,
Harvest Gwintett - Peachtree Ridge Park Community Garden,Community Garden,Garden or farm,", Suwannee, , ",Suwanee,,,30.2485096,-82.9931607,wrong_location,,,,,,,https://www.livehealthygwinnett.com/programs-events/harvest-gwinnett/,Peachtree Ridge Park Community Garden
Harvest Gwintett - Vines Park Community Garden,Community Garden,Garden or farm,", Loganville, , ",Loganville,,,33.8389977,-83.9007382,ok,,,,,,,https://www.livehealthygwinnett.com/programs-events/harvest-gwinnett/,
Harvest Gwintett - West Gwinnett Park Community Garden ,Community Garden,Garden or farm,", Barkeley Lake, , ",Berkeley Lake,,,36.8672451,-87.9873724,wrong_location,,,,,,,https://www.livehealthygwinnett.com/programs-events/harvest-gwinnett/,West Gwinnett Park Community Garden
Harvest Gwintett J. B. Williams Park Community Garden,Community Garden,Garden or farm,", Lilburn, , ",Lilburn,,,33.8901036,-84.1429719,ok,,,,,,,https://www.livehealthygwinnett.com/programs-events/harvest-gwinnett/,
Henderson Park Community Garden,Community Garden,Garden or farm,", Tucker, , ",Tucker,,,,,missing,,,,,,,https://www.hpcgtucker.org/,Henderson Park Community Garden
Historic Mableton Community Garden,Community Garden,Garden or farm,", Mabelton, , ",Mabelton,,,33.8187167,-84.5824329,ok,,,,,,,https://www.mableton.org/community-garden/,
Hope With Gardens Historic Westside Gardens,Community Garden,Garden or farm,", Atlanta, , ",Atlanta,,,33.748752,-84.3876845,city_center_only,,,,,,,,Hope With Gardens Historic Westside Gardens
Jolly Avenue Community Garden,Community Garden,Garden or farm,", Clarkston, , ",Clarkston,,,42.7351196,-83.4192941,wrong_location,,,,,,,https://www.jollyavenuegarden.org/,Jolly Avenue Community Garden
Joyland Community Garden,Community Garden,Garden or farm,", Atlanta, , ",Atlanta,,,33.748752,-84.3876845,city_center_only,,,,,,,,Joyland Community Garden
JR's Joy and Reflect Gardens,Community Garden,Garden or farm,", , , ",,,,,,missing,,,,,,,https://www.facebook.com/joyandreflectgardens/?locale=sw_KE,JR's Joy and Reflect Gardens
Kings Forest Combined Communities Garden,Community Garden,Garden or farm,", Atlanta, , ",Atlanta,,,33.748752,-84.3876845,city_center_only,,,,,,,https://www.kfccc.org/,Kings Forest Combined Communities Garden
Lake Claire Community Land Trust,Community Garden,Garden or farm,", Atlanta, , ",Atlanta,,,33.748752,-84.3876845,city_center_only,,,,,,,https://www.lcclt.org/,Lake Claire Community Land Trust
Lakeview Seventh-Day Adventist Church Orchard and Garden Club,Community Garden,Garden or farm,", Powder Springs, , ",Powder Springs,,,33.8595491,-84.683824,ok,,,,,,,,
Lakewood Community Garden,Community Garden,Garden or farm,", Atlanta, , ",Atlanta,,,33.748752,-84.3876845,city_center_only,,,,,,,,Lakewood Community Garden
Lanier Community Garden,Community Garden,Garden or farm,", Cumming, , ",Cumming,,,,,missing,,,,,,,https://www.laniercommunitygarden.org/,Lanier Community Garden
Lilburn Community Garden,Community Garden,Garden or farm,", Lilburn, , ",Lilburn,,,33.8901036,-84.1429719,ok,,,,,,,http://www.lilburncommunitygarden.org/,
Lillian Cooper Shepherd Park,Community Garden,Garden or farm,", Atlanta, , ",Atlanta,,,33.748752,-84.3876845,city_center_only,,,,,,,https://www.facebook.com/groups/845036345588326/,Lillian Cooper Shepherd Park
Lovejoy Community Garden - District 3,Community Garden,Garden or farm,", Hampton, , ",Hampton,,,37.0298687,-76.3452218,wrong_location,,,,,,,http://www.cityoflovejoy.com,Lovejoy Community Garden - District 3
Mariposas Rebeldes CG (Rebel Butterflies),Community Garden,Garden or farm,", Atlanta, , ",Atlanta,,,33.748752,-84.3876845,city_center_only,,,,,,,https://www.instagram.com/mariposasrebeldes/,Mariposas Rebeldes CG
Mason Mill Garden Club,Community Garden,Garden or farm,", Decatur, , ",Decatur,,,33.7748275,-84.2963123,city_center_only,,,,,,,https://foursquare.com/v/mason-mill-community-garden-center/4d8fc03fd4ec8cfa3ea69389,Mason Mill Garden Club
Mason's Community Garden,Community Garden,Garden or farm,", Tucker, , ",Tucker,,,,,missing,,,,,,,,Mason's Community Garden
Master Gardener Cobb County - Hyde Farm Community Garden ,Community Garden,Garden or farm,", Marietta, , ",Marietta,,,33.952602,-84.5499327,city_center_only,,,,,,,https://www.cobbmastergardeners.com/project/hyde-farm-community-garden/,Hyde Farm Community Garden
Master Gardener Cobb County - North Marietta Neighborhood Community Garden ,Community Garden,Garden or farm,", Marietta, , ",Marietta,,,33.952602,-84.5499327,city_center_only,,,,,,,https://www.cobbmastergardeners.com/project/north-marietta-neighborhood-community-garden/,North Marietta Neighborhood Community Garden
Master Gardener Cobb County - Reconnecting Our Roots Community Garden,Community Garden,Garden or farm,", Marietta, , ",Marietta,,,33.952602,-84.5499327,city_center_only,,,,,,,https://www.cobbmastergardeners.com/project/reconnecting-our-roots-community-garden/,Reconnecting Our Roots Community Garden
Master Gardener Cobb County Plant a Row for the Hungry (PAR),Community Garden,Garden or farm,", Marietta, , ",Marietta,,,33.952602,-84.5499327,city_center_only,,,,,,,https://www.cobbmastergardeners.com/project/plant-a-row-for-the-hungry/,Master Gardener Cobb County Plant a Row for the Hungry
Memorial Drive Ministries Garden Global Growers,Community Garden,Garden or farm,", Stone Mountain, , ",Stone Mountain,,,33.8081608,-84.170196,city_center_only,,,,,,,,Memorial Drive Ministries
Midway Park Dekalb Co.Parks,Community Garden,Garden or farm,", Decatur, , ",Decatur,,,33.7748275,-84.2963123,city_center_only,,,,,,,https://www.dekalbcountyga.gov/parks/midway-recreation-center,Midway Park
Mohammed Schools of Atlanta Firdous Garden,Community Garden,Garden or farm,", Stone Mountain, , ",Stone Mountain,,,33.8081608,-84.170196,city_center_only,,,,,,,https://www.mohammedschools.org/firdous-community-garden,Mohammed Schools of Atlanta Firdous Garden
Mother Clyde Memorial West End Garden,Community Garden,Garden or farm,", Atlanta, , ",Atlanta,,,33.748752,-84.3876845,city_center_only,,,,,,,https://www.redeematlanta.org/mother-clyde-garden,Mother Clyde Memorial West End Garden
mountain way common,Community Garden,Garden or farm,", Atlanta, , ",Atlanta,,,33.748752,-84.3876845,city_center_only,,,,,,,https://www.mountainwaycommon.net/,mountain way common
Nickel Bottom Garden at Zonolite Park,Community Garden,Garden or farm,", Atlanta, , ",Atlanta,,,33.748752,-84.3876845,city_center_only,,,,,,,https://nickelbottomgarden.com/,Nickel Bottom Garden at Zonolite Park
Norcross Discovery Garden Park,Community Garden,Garden or farm,", Norcross, , ",Norcross,,,33.9411081,-84.2137443,ok,,,,,,,https://www.norcrossga.net/846/Discovery-Garden-Park-Board-DGP,
Norris Lake Community Garden,Community Garden,Garden or farm,", Snellville, , ",Snellville,,,33.857328,-84.0199108,ok,,,,,,,https://norrislakecommunitygarden.org/,
North Dekalb Mall Community Garden,Community Garden,Garden or farm,", Decatur, , ",Decatur,,,33.7748275,-84.2963123,city_center_only,,,,,,,https://www.facebook.com/ndmcommunitygarden/,North Dekalb Mall Community Garden
NuLeaf Community Garden Project (Howell Station CG),Community Garden,Garden or farm,", Atlanta, , ",Atlanta,,,33.748752,-84.3876845,city_center_only,,,,,,,https://m28church.com/community-groups,Howell Station CG
Oakland City Community Garden,Community Garden,Garden or farm,", Atlanta, , ",Atlanta,,,33.748752,-84.3876845,city_center_only,,,,,,,https://www.facebook.com/OCCOGardenatl/,Oakland City Community Garden
OM Grown Garden / Farm,Community Garden,Garden or farm,", Atlanta, , ",Atlanta,,,33.748752,-84.3876845,city_center_only,,,,,,,https://www.facebook.com/organicveggiefarm/,OM Grown Garden / Farm
One Accord Community Garden,Community Garden,Garden or farm,", Decatur, , ",Decatur,,,33.7748275,-84.2963123,city_center_only,,,,,,,https://www.oneaccordchurch.org/,One Accord Community Garden
Our Giving Garden,Community Garden,Garden or farm,", Mableton, , ",Mableton,,,33.8187167,-84.5824329,ok,,,,,,,https://www.ourgivinggarden.org/,
Parkview Community Garden,Community Garden,Garden or farm,", Atlanta, , ",Atlanta,,,33.748752,-84.3876845,city_center_only,,,,,,,https://www.facebook.com/parkviewcommunitygarden/,Parkview Community Garden
Parkview Neighborhood Community Garden,Community Garden,Garden or farm,", Lilburn, , ",Lilburn,,,33.8901036,-84.1429719,ok,,,,,,,https://www.facebook.com/parkviewneighborhoodcommunitygarden/,
Peachcrest Boys & Girls Garden,Community Garden,Garden or farm,", Decatur, , ",Decatur,,,33.7748275,-84.2963123,city_center_only,,,,,,,,Peachcrest Boys & Girls Garden
Peachtree Hills Community Garden,Community Garden,Garden or farm,", Atlanta, , ",Atlanta,,,33.748752,-84.3876845,city_center_only,,,,,,,https://www.facebook.com/groups/PeachtreeHillsCommunityGarden/,Peachtree Hills Community Garden
Peachtree Park Community Garden,Community Garden,Garden or farm,", Atlanta, , ",Atlanta,,,33.748752,-84.3876845,city_center_only,,,,,,,https://www.peachtreeparkatl.org/community-garden,Peachtree Park Community Garden
Pittsburgh Community Gardenhttps,Community Garden,Garden or farm,", Atlanta, , ",Atlanta,,,33.748752,-84.3876845,city_center_only,,,,,,,,Pittsburgh Community Garden
Rainbow Village Community Garden,Community Garden,Garden or farm,", Duluth, , ",Duluth,,,46.7866719,-92.1004852,wrong_location,,,,,,,https://rainbowvillage.org/,Rainbow Village Community Garden
"Redan Community Garden (Mainstreet Community Garden “MCSA Garden of Eatin"")",Community Garden,Garden or farm,", Stone Mountain, , ",Stone Mountain,,,33.8081608,-84.170196,city_center_only,,,,,,,https://patch.com/georgia/stonemountain/how-does-your-community-garden-grow-f89dc66a,"Mainstreet Community Garden “MCSA Garden of Eatin"""
Refugee Village Community Garden,Community Garden,Garden or farm,", Stone Mountain, , ",Stone Mountain,,,33.8081608,-84.170196,city_center_only,,,,,,,,Refugee Village Community Garden
Rex Park Community Garden/Carl Rhodenizer Recreation Center,Community Garden,Garden or farm,", Rex, , ",Rex,,,,,missing,,,,,,,https://www.n-georgia.com/clayton_co.htm,Carl Rhodenizer Recreation Center
Risala Gardens,Community Garden,Garden or farm,", Stone Mountain, , ",Stone Mountain,,,33.8081608,-84.170196,city_center_only,,,,,,,,Risala Gardens
Riverside Neighborhood Community Garden,Community Garden,Garden or farm,", Austell, , ",Austell,,,33.8126059,-84.6343783,ok,,,,,,,https://www.facebook.com/RNCommunityGarden/,
Roswell United Methodist Church (RUMC) Giving Garden,Community Garden,Garden or farm,", Roswell, , ",Roswell,,,33.3942655,-104.5230242,wrong_location,,,,,,,https://www.facebook.com/RUMCGivingGarden/,Roswell United Methodist Church Giving Garden
Scott Park Community Garden,Community Garden,Garden or farm,", Decatur, , ",Decatur,,,33.7748275,-84.2963123,city_center_only,,,,,,,https://www.decaturga.com/parksrec/page/scott-park,Scott Park Community Garden
Seedtime and Harvest Greenhouse and Garden,Community Garden,Garden or farm,", Atlanta, , ",Atlanta,,,33.748752,-84.3876845,city_center_only,,,,,,,https://www.holycomforter-atlanta.org/seedtime-and-harvest-garden.html,Seedtime and Harvest Greenhouse and Garden
Smyrna Community Garden,Community Garden,Garden or farm,", Smyrna, , ",Smyrna,,,38.423734,27.142826,wrong_location,,,,,,,https://www.smyrnaga.gov/departments/departments/keep-smyrna-beautiful-environmental-services/smyrna-community-garden,Smyrna Community Garden
Soccer in the Streets Clarkston Garden,Community Garden,Garden or farm,", Clarkston, , ",Clarkston,,,42.7351196,-83.4192941,wrong_location,,,,,,,https://www.soccerstreetsatl.org/,Soccer in the Streets Clarkston Garden
South Bend Center for Arts and Culture Community Garden,Community Garden,Garden or farm,", Atlanta, , ",Atlanta,,,33.748752,-84.3876845,city_center_only,,,,,,,,South Bend Center for Arts and Culture Community Garden
South Fulton Community Garden (S Fulton Co.),Community Garden,Garden or farm,", College Park, , ",College Park,,,38.9896967,-76.93776,wrong_location,,,,,,,https://testcd.fultoncountyga.gov/home-old/inside-fulton-county/fulton-county-departments/cooperative-extension/become-a-community-gardener,South Fulton Community Garden
Springbrook Park Community Garden,Community Garden,Garden or farm,", Decatur, , ",Decatur,,,33.7748275,-84.2963123,city_center_only,,,,,,,https://www.facebook.com/SpringbrookParkGA/,Springbrook Park Community Garden
Stephenson Vine Project (SVP) Community Garden,Community Garden,Garden or farm,", Stone Mountain, , ",Stone Mountain,,,33.8081608,-84.170196,city_center_only,,,,,,,https://www.foodwellalliance.org/events/stephenson-vine-project-community-garden-grand-opening,Stephenson Vine Project Community Garden
Stone Mountain Community Garden (VFW PARK),Community Garden,Garden or farm,", Stone Mountain, , ",Stone Mountain,,,33.8081608,-84.170196,city_center_only,,,,,,,https://www.facebook.com/StnMtnCommunityGarden/,VFW Park
Tapestry Community Garden,Community Garden,Garden or farm,", Atlanta, , ",Atlanta,,,33.748752,-84.3876845,city_center_only,,,,,,,https://www.facebook.com/TapestryCommunity,Tapestry Community Garden
The Bridge at Austin,Community Garden,Garden or farm,", Decatur, , ",Decatur,,,33.7748275,-84.2963123,city_center_only,,,,,,,https://www.thebridgeataustin.org/,The Bridge at Austin
The Community Garden at Oak Hill Center,Community Garden,Garden or farm,", Atlanta, , ",Atlanta,,,33.748752,-84.3876845,city_center_only,,,,,,,,The Community Garden at Oak Hill Center
The Farm at Wilkerson Mill Community Garden,Community Garden,Garden or farm,", Palmetto, , ",Palmetto,,,,,missing,,,,,,,https://www.facebook.com/p/The-Farm-at-Wilkerson-Mill-100063690237213/,The Farm at Wilkerson Mill Community Garden
The G.R.O.V.E. Urban Farm,Community Garden,Garden or farm,", Atlanta, , ",Atlanta,,,33.748752,-84.3876845,city_center_only,,,,,,,https://www.thegrovecdc-atl.org/g-r-o-v-e-urban-farm,The G.R.O.V.E. Urban Farm
The J.M. Tull-Gwinnett Family YMCA,Community Garden,Garden or farm,", Atlanta, , ",Atlanta,,,33.748752,-84.3876845,city_center_only,,,,,,,https://ymcaatlanta.org/blog/jm-tull-gwinnett-family-ymca-unveils-new-community-garden,The J.M. Tull-Gwinnett Family YMCA
UGA Extension- North Fulton Community Garden ,Community Garden,Garden or farm,", Sandy Springs, , ",Sandy Springs,,,33.9304352,-84.3733147,ok,,,,,,,https://extension.uga.edu/county-offices/fulton/community-gardens.html,
UGA Fulton Extension- Camp Truitt 4-H GROWL Garden,Community Garden,Garden or farm,", College Park, , ",College Park,,,38.9896967,-76.93776,wrong_location,,,,,,,https://extension.uga.edu/county-offices/fulton/community-gardens.html,Camp Truitt 4-H GROWL Garden
Upon This Rock Community Garden - The Greater Solid Rock Baptist Church,Community Garden,Garden or farm,", Riverdale, , ",Riverdale,,,,,missing,,,,,,,https://www.facebook.com/GSRBaptistChurch/,Upon This Rock Community Garden - The Greater Solid Rock Baptist Church
Urban Garden Resiliency Oasis,Community Garden,Garden or farm,", Atlanta, , ",Atlanta,,,33.748752,-84.3876845,city_center_only,,,,,,,https://knowyourgroweratlanta.com/2014/09/21/urban-garden-resiliency-oasis/,Urban Garden Resiliency Oasis
Villages at Carver Community Garden,Community Garden,Garden or farm,", Atlanta, , ",Atlanta,,,33.748752,-84.3876845,city_center_only,,,,,,,https://www.facebook.com/carverhillscommunitygarden/,Villages at Carver Community Garden
Villages at Carver Family YMCA,Community Garden,Garden or farm,", Atlanta, , ",Atlanta,,,33.748752,-84.3876845,city_center_only,,,,,,,https://ymcaatlanta.org/locations/villages-carver-family-ymca,Villages at Carver Family YMCA
WALT Outdoor Classroom & Learning Garden,Community Garden,Garden or farm,", Atlanta, , ",Atlanta,,,33.748752,-84.3876845,city_center_only,,,,,,,,WALT Outdoor Classroom & Learning Garden
Wesley International Academy,Community Garden,Garden or farm,", Atlatna, , ",Atlanta,,,33.748752,-84.3876845,city_center_only,,,,,,,https://www.wesleyacademy.org/post/~board/general-news/post/get-involved-in-winter-gardening,Wesley International Academy
Westview Community Garden,Community Garden,Garden or farm,", Atlanta, , ",Atlanta,,,33.748752,-84.3876845,city_center_only,,,,,,,http://www.westviewatlanta.com/community-organization/community-garden/,Westview Community Garden
Winter Spring Community Garden,Community Garden,Garden or farm,", Atlanta, , ",Atlanta,,,33.748752,-84.3876845,city_center_only,,,,,,,https://www.facebook.com/winterspringcommunitygarden,Winter Spring Community Garden
Wylde Center - Edgewood Community Learning Garden,Community Garden,Garden or farm,", Atlanta, , ",Atlanta,,,33.748752,-84.3876845,city_center_only,,,,,,,https://www.wyldecenter.org/edgewood-community-learning-garden/,Edgewood Community Learning Garden
Wylde Center - Hawk Hollow,Community Garden,Garden or farm,", Atlanta, , ",Atlanta,,,33.748752,-84.3876845,city_center_only,,,,,,,https://www.wyldecenter.org/hawk-hollow-garden/,Wylde Center Hawk Hollow
Wylde Center - Mulberry Fields,Community Garden,Garden or farm,", Atlanta, , ",Atlanta,,,33.748752,-84.3876845,city_center_only,,,,,,,https://www.wyldecenter.org/mulberry-fields-3/,Wylde Center Mulberry Fields
Wylde Center - Sugar Creek Garden,Community Garden,Garden or farm,", Decatur, , ",Decatur,,,33.7748275,-84.2963123,city_center_only,,,,,,,https://www.wyldecenter.org/sugar-creek-garden/,Wylde Center Sugar Creek Garden
Wylde Center Oakhurst Garden & Wylde Woods,Community Garden,Garden or farm,", Atlanta, , ",Atlanta,,,33.748752,-84.3876845,city_center_only,,,,,,,https://www.wyldecenter.org/oakhurst-garden-wylde-woods/,Wylde Center Oakhurst Garden
Your Faith Farms,Community Garden,Garden or farm,", Fairburn, , ",Fairburn,,,33.5670562,-84.5810418,ok,,,,,,,https://www.facebook.com/yourfaithfarms/,
Grocery Spot ,Food Distribution,Other,"2615 Donald Lee Hollowell Pkwy NW, Atlanta, GA 30318, Atlanta, Georgia, 30318",Atlanta,,,33.776053,-84.4719391,ok,,,,,,,https://thegroceryspot.org/,
